{
  "code": "uu-jokes-maing01",
  "name": "uuJokes uuAppMetaModel",
  "desc": "uuJokes uuAppMetaModel",
  "version": "3.0.0.0",
  "defaultIcon": "uubml-artifact",

  "stateList": [
    {
      "code": "active",
      "name": "<uu5string/><UU5.Bricks.Lsi><UU5.Bricks.Lsi.Item language='en'>Active</UU5.Bricks.Lsi.Item><UU5.Bricks.Lsi.Item language='cs'>Aktivní</UU5.Bricks.Lsi.Item></UU5.Bricks.Lsi>",
      "icon": "uubml-state-s00-active",
      "type": "ACTIVE"
    },
    {
      "code": "underConstruction",
      "name": "<uu5string/><UU5.Bricks.Lsi><UU5.Bricks.Lsi.Item language='en'>Under construction</UU5.Bricks.Lsi.Item><UU5.Bricks.Lsi.Item language='cs'>Rozpracováno</UU5.Bricks.Lsi.Item></UU5.Bricks.Lsi>",
      "icon": "uubml-state-s10-alternative-active",
      "type": "ACTIVE"
    },
    {
      "code": "closed",
      "name": "<uu5string/><UU5.Bricks.Lsi><UU5.Bricks.Lsi.Item language='en'>Closed</UU5.Bricks.Lsi.Item><UU5.Bricks.Lsi.Item language='cs'>Uzavřeno</UU5.Bricks.Lsi.Item></UU5.Bricks.Lsi>",
      "icon": "uubml-state-s00-final",
      "type": "FINAL"
    }
  ],

  "profileList": [
    {
      "code": "Authorities",
      "name": "Authorities",
      "desc": "Authorities",
      "disableImplicitPermissions": "false",
      "enabledExplicitTypeList": ["uu-businessterritory-maing01/uuRoleGroupIfc"]
    },
    {
      "code": "Executives",
      "name": "Executives",
      "desc": "Executives",
      "disableImplicitPermissions": "false",
      "enabledExplicitTypeList": ["uu-businessterritory-maing01/uuRoleGroupIfc"]
    },
    {
      "code": "Readers",
      "name": "Readers",
      "desc": "Readers",
      "disableImplicitPermissions": "false",
      "enabledExplicitTypeList": ["uu-businessterritory-maing01/uuRoleGroupIfc"]
    }
  ],

  "defaultPermissionMatrix": [
    "11000000-00000000-00000000-00000100",
    "00100000-00000000-00000000-00000000",
    "00000000-00000000-00000000-00000011"
  ],

  "ancestorPathMap": {
    "uu-businessterritory-maing01/uuAwsc": [],
    "uu-businessterritory-maing01/uuArtifactIfc": ["uu-businessterritory-maing01/uuAwsc"]
  },

  "ancestorMap": {
    "uu-businessterritory-maing01/uuAwsc": {
      "interfaceUuCmdMap": {
        "authorizeMe": "",
        "authorizeUuIdentity": "",
        "authorizeRoleIfcList": "",
        "get": "",
        "load": "",
        "loadEnvironment": "",
        "loadPermissions": "",
        "getNavigation": "",
        "getImplicitPermissions": "",
        "setBasicAttributes": "uu-jokes-maing01/jokesInstance/update",
        "setVersion": "",
        "setResponsibleRole": "",
        "setHomeFolder": "",
        "setState": "",
        "setPermissions": "",
        "setImplicitPermissions": "",
        "connectAppWorkspace": "",
        "delete": "",
        "listStateHistory": "",
        "listMyRoles": "",

        "checkDwr": "",
        "loadLifeCycle": "",
        "listActivities": "",
        "activity/create": "",
        "activity/load": "",
        "activity/setBasicAttributes": "",
        "activity/setTypeSpecificData": "",
        "activity/setSubmitter": "",
        "activity/setState": "",
        "activity/addSolver": "",
        "activity/removeSolver": "",
        "activity/reactivateSolver": "",
        "activity/elementary/setSolver": "",
        "activity/addNote": "",
        "activity/createNote": "",
        "activity/elementary/addNote": "",
        "activity/elementary/setState": "",
        "activity/elementary/createNote": "",
        "activity/setNoteImportance": "",
        "activity/removeNote": "",
        "activity/propagateReadToDw": "",

        "aar/create": "",
        "aar/createMirror": "",
        "aar/get": "",
        "aar/update": "",
        "aar/updateMirror": "",
        "aar/delete": "",
        "aar/deleteMirror": "",
        "aar/listByArtifactA": "",
        "aar/listByArtifactB": "",

        "contextProperty/create": "",
        "contextProperty/setBasicAttributes": "",
        "contextProperty/get": "",
        "contextProperty/listByArtifact": "",
        "contextProperty/load": "",
        "contextProperty/delete": "",
        "contextProperty/setValue": ""
      }
    }
  },

  "synchronizeUuCmdMap": {
    "uu-businessterritory-maing01/uuAwsc/synchronizeArtifactAttributes": "jokesInstance/load"
  },

  "useCaseProfileMap": {
    "uu-jokes-maing01/jokesInstance/load": "11100000-00000000-00000000-00000000",
    "uu-jokes-maing01/jokesInstance/update": "10000000-00000000-00000000-00000000",
    "uu-jokes-maing01/jokesInstance/setLogo": "10000000-00000000-00000000-00000000",
    "uu-jokes-maing01/jokesInstance/setIcons": "10000000-00000000-00000000-00000000",
    "uu-jokes-maing01/jokesInstance/getUveMetaData": "11100000-00000000-00000000-00000000",
    "uu-jokes-maing01/joke/create": "11000000-00000000-00000000-00000000",
    "uu-jokes-maing01/joke/get": "11100000-00000000-00000000-00000000",
    "uu-jokes-maing01/joke/update": "11000000-00000000-00000000-00000000",
    "uu-jokes-maing01/joke/updateVisibility": "10000000-00000000-00000000-00000000",
    "uu-jokes-maing01/joke/delete": "11000000-00000000-00000000-00000000",
    "uu-jokes-maing01/joke/list": "11100000-00000000-00000000-00000000",
    "uu-jokes-maing01/joke/addRating": "11100000-00000000-00000000-00000000",
    "uu-jokes-maing01/category/create": "11000000-00000000-00000000-00000000",
    "uu-jokes-maing01/category/get": "11100000-00000000-00000000-00000000",
    "uu-jokes-maing01/category/update": "11000000-00000000-00000000-00000000",
    "uu-jokes-maing01/category/delete": "11000000-00000000-00000000-00000000",
    "uu-jokes-maing01/category/list": "11100000-00000000-00000000-00000000",

    "uu-jokes-maing01/uu-app-binarystore/createBinary": "11000000-00000000-00000000-00000000",
    "uu-jokes-maing01/uu-app-binarystore/getBinary": "11100000-00000000-00000000-00000000",
    "uu-jokes-maing01/uu-app-binarystore/getBinaryData": "11100000-00000000-00000000-00000000",
    "uu-jokes-maing01/uu-app-binarystore/listBinaries": "11100000-00000000-00000000-00000000",
    "uu-jokes-maing01/uu-app-binarystore/updateBinaryData": "11000000-00000000-00000000-00000000",
    "uu-jokes-maing01/uu-app-binarystore/deleteBinary": "11000000-00000000-00000000-00000000",

    "uu-jokes-maing01/sys/uuAppWorkspace/get": "11100000-00000000-00000000-00000000",
    "uu-jokes-maing01/sys/uuAppWorkspace/set": "11000000-00000000-00000000-00000000",

    "uu-jokes-maing01/sys/uuAppWorkspace/setActiveSysState": "11000000-00000000-00000000-00000000",
    "uu-jokes-maing01/sys/uuAppWorkspace/setRestrictedSysState": "11000000-00000000-00000000-00000000",
    "uu-jokes-maing01/sys/uuAppWorkspace/setReadOnlySysState": "11000000-00000000-00000000-00000000",

    "uu-jokes-maing01/sys/uuAppWorkspace/profile/get": "11100000-00000000-00000000-00000000",
    "uu-jokes-maing01/sys/uuAppWorkspace/profile/set": "10000000-00000000-00000000-00000000",
    "uu-jokes-maing01/sys/uuAppWorkspace/profile/list": "11100000-00000000-00000000-00000000",
    "uu-jokes-maing01/sys/uuAppWorkspace/profile/update": "10000000-00000000-00000000-00000000",

    "uu-jokes-maing01/sys/uuAppWorkspace/permission/create": "10000000-00000000-00000000-00000000",
    "uu-jokes-maing01/sys/uuAppWorkspace/permission/delete": "10000000-00000000-00000000-00000000",
    "uu-jokes-maing01/sys/uuAppWorkspace/permission/list": "11100000-00000000-00000000-00000000",

    "uu-jokes-maing01/sys/uuAppWorkspace/setAthorizationStrategy": "10000000-00000000-00000000-00000000",

    "uu-jokes-maing01/sys/uuAppWorkspace/dump": "10000000-00000000-00000000-00000000",
    "uu-jokes-maing01/sys/uuAppWorkspace/restore": "10000000-00000000-00000000-00000000",
    "uu-jokes-maing01/sys/uuAppWorkspace/import": "10000000-00000000-00000000-00000000",

    "uu-jokes-maing01/sys/uuAppWorkspace/listImportMappings": "11000000-00000000-00000000-00000000",
    "uu-jokes-maing01/sys/uuAppWorkspace/deleteImportMappings": "11000000-00000000-00000000-00000000",

    "uu-jokes-maing01/sys/uuAppDataStore/stats/calculate": "11000000-00000000-00000000-00000000",
    "uu-jokes-maing01/sys/uuAppDataStore/stats/get": "11000000-00000000-00000000-00000000",

    "uu-jokes-maing01/sys/logRecord/list": "10000000-00000000-00000000-00000000",
    "uu-jokes-maing01/sys/logRecord/delete": "10000000-00000000-00000000-00000000",

    "uu-jokes-maing01/sys/appClientToken/initKeys": "10000000-00000000-00000000-00000000",

    "uu-businessterritory-maing01/uuAwsc/authorizeMe": "11100000-00000000-00000000-00000000",
    "uu-businessterritory-maing01/uuAwsc/authorizeUuIdentity": "11000000-00000000-00000000-00000000",
    "uu-businessterritory-maing01/uuAwsc/get": "11100000-00000000-00000000-00000000",
    "uu-businessterritory-maing01/uuAwsc/load": "11100000-00000000-00000000-00000000",
    "uu-businessterritory-maing01/uuAwsc/loadEnvironment": "11100000-00000000-00000000-00000000",
    "uu-businessterritory-maing01/uuAwsc/loadPermissions": "11100000-00000000-00000000-00000000",
    "uu-businessterritory-maing01/uuAwsc/getNavigation": "11100000-00000000-00000000-00000000",
    "uu-businessterritory-maing01/uuAwsc/getImplicitPermissions": "11100000-00000000-00000000-00000000",
    "uu-businessterritory-maing01/uuAwsc/setBasicAttributes": "11000000-00000000-00000000-00000000",
    "uu-businessterritory-maing01/uuAwsc/setVersion": "11000000-00000000-00000000-00000000",
    "uu-businessterritory-maing01/uuAwsc/setResponsibleRole": "11000000-00000000-00000000-00000000",
    "uu-businessterritory-maing01/uuAwsc/setHomeFolder": "11000000-00000000-00000000-00000000",
    "uu-businessterritory-maing01/uuAwsc/setState": "11000000-00000000-00000000-00000000",
    "uu-businessterritory-maing01/uuAwsc/setPermissions": "11000000-00000000-00000000-00000000",
    "uu-businessterritory-maing01/uuAwsc/setImplicitPermissions": "11000000-00000000-00000000-00000000",
    "uu-businessterritory-maing01/uuAwsc/find": "11000000-00000000-00000000-00000000",
    "uu-businessterritory-maing01/uuAwsc/connectAppWorkspace": "11000000-00000000-00000000-00000000",
    "uu-businessterritory-maing01/uuAwsc/delete": "11000000-00000000-00000000-00000000",
    "uu-businessterritory-maing01/uuAwsc/listStateHistory": "11100000-00000000-00000000-00000000",
    "uu-businessterritory-maing01/uuAwsc/loadLifeCycle": "11100000-00000000-00000000-00000000",
    "uu-businessterritory-maing01/uuAwsc/listActivities": "11100000-00000000-00000000-00000000",
    "uu-businessterritory-maing01/uuAwsc/listMyRoles": "11100000-00000000-00000000-00000000",
    "uu-businessterritory-maing01/uuAwsc/activity/create": "11000000-00000000-00000000-00000000",
    "uu-businessterritory-maing01/uuAwsc/activity/load": "11000000-00000000-00000000-00000000",
    "uu-businessterritory-maing01/uuAwsc/activity/setBasicAttributes": "11000000-00000000-00000000-00000000",
    "uu-businessterritory-maing01/uuAwsc/activity/setTypeSpecificData": "11000000-00000000-00000000-00000000",
    "uu-businessterritory-maing01/uuAwsc/activity/setSubmitter": "11000000-00000000-00000000-00000000",
    "uu-businessterritory-maing01/uuAwsc/activity/addSolver": "11000000-00000000-00000000-00000000",
    "uu-businessterritory-maing01/uuAwsc/activity/removeSolver": "11000000-00000000-00000000-00000000",
    "uu-businessterritory-maing01/uuAwsc/activity/reactivateSolver": "11000000-00000000-00000000-00000000",
    "uu-businessterritory-maing01/uuAwsc/activity/elementary/setSolver": "11000000-00000000-00000000-00000000",
    "uu-businessterritory-maing01/uuAwsc/activity/addNote": "11000000-00000000-00000000-00000000",
    "uu-businessterritory-maing01/uuAwsc/activity/elementary/addNote": "11000000-00000000-00000000-00000000",
    "uu-businessterritory-maing01/uuAwsc/activity/setNoteImportance": "11000000-00000000-00000000-00000000",
    "uu-businessterritory-maing01/uuAwsc/activity/removeNote": "11000000-00000000-00000000-00000000",
    "uu-businessterritory-maing01/uuAwsc/activity/propagateReadToDw": "11000000-00000000-00000000-00000000",
    "uu-businessterritory-maing01/uuAwsc/activity/setState": "11110000-00000000-00000000-00000000",
    "uu-businessterritory-maing01/uuAwsc/activity/createNote": "11110000-00000000-00000000-00000000",
    "uu-businessterritory-maing01/uuAwsc/activity/elementary/setState": "11110000-00000000-00000000-00000000",
    "uu-businessterritory-maing01/uuAwsc/activity/elementary/createNote": "11110000-00000000-00000000-00000000",

    "uu-businessterritory-maing01/uuAwsc/aar/create": "11000000-00000000-00000000-00000000",
    "uu-businessterritory-maing01/uuAwsc/aar/get": "11000000-00000000-00000000-00000000",
    "uu-businessterritory-maing01/uuAwsc/aar/update": "11000000-00000000-00000000-00000000",
    "uu-businessterritory-maing01/uuAwsc/aar/delete": "11000000-00000000-00000000-00000000",
    "uu-businessterritory-maing01/uuAwsc/aar/listByArtifactA": "11000000-00000000-00000000-00000000",
    "uu-businessterritory-maing01/uuAwsc/aar/listByArtifactB": "11000000-00000000-00000000-00000000",
    "uu-businessterritory-maing01/uuAwsc/contextProperty/create": "11000000-00000000-00000000-00000000",
    "uu-businessterritory-maing01/uuAwsc/contextProperty/setBasicAttributes": "11000000-00000000-00000000-00000000",
    "uu-businessterritory-maing01/uuAwsc/contextProperty/get": "11000000-00000000-00000000-00000000",
    "uu-businessterritory-maing01/uuAwsc/contextProperty/listByArtifact": "11000000-00000000-00000000-00000000",
    "uu-businessterritory-maing01/uuAwsc/contextProperty/load": "11000000-00000000-00000000-00000000",
    "uu-businessterritory-maing01/uuAwsc/contextProperty/delete": "11000000-00000000-00000000-00000000",
    "uu-businessterritory-maing01/uuAwsc/contextProperty/setValue": "11000000-00000000-00000000-00000000",

    "uu-businessterritory-maing01/uuAwsc/synchronizeArtifactAttributes": "11000000-00000000-00000000-00000000",
    "uu-businessterritory-maing01/uuAwsc/synchronizeHomeUnit": "11000000-00000000-00000000-00000000",
    "uu-businessterritory-maing01/uuAwsc/synchronizeHomeFolder": "11000000-00000000-00000000-00000000",
    "uu-businessterritory-maing01/uuAwsc/synchronizeResponsibleRole": "11000000-00000000-00000000-00000000",

    "uu-businessterritory-maing01/uuAwsc/addExplicitPermission": "11000000-00000000-00000000-00000000",
    "uu-businessterritory-maing01/uuAwsc/removeExplicitPermission": "11000000-00000000-00000000-00000000",
    "uu-businessterritory-maing01/uuAwsc/getExplicitPermissions": "11000000-00000000-00000000-00000000",
    "uu-businessterritory-maing01/uuAwsc/checkIntegrityRules": "11000000-00000000-00000000-00000000"
  },

  "routeMap": {
    "userGate/activityDetail": ["userGate/activityDetail", "UuTerritory.Activity.Routes.Detail"],
    "userGate/activityList": ["userGate/activityList", "UuTerritory.Activity.Routes.ActivityList"]
  },

  "typeMap": {}
}
